,score,hitRate,clickRate,duration,batteryTimes,lifetime,filterLenTimes,signalTimes,impulseTimes,isUpload,realScore,storyTime,tutorialTime,difficultyLevel,replayTimes,badRate,mismatchRate,keepaway,feedback,goodRate,moveNum,npcHitRate,getbackRate,isAcceptGift,giftType,bugTimes,morePolicy
0,43.67334767196747,0.22785961950977657,496.5807080830058,False,9,330,3,0,0,False,-1,7.756410901757064,90.72901737647851,2,True,0.16298778598614824,0.11353973818846598,131.6942003400255,0.6985594115548528,0.3015909982492455,9.146118569923688,0.08459810622073917,0.7520325376667171,False,2,True,False
1,3.3606256657799523,0.432081777707205,1757.6920278363737,True,18,600,3,6,4,False,-1,0.13145487828408184,11.696059139374464,1,False,0.46178439272514504,0.753141738629332,11.744104778097274,0.37897086600945407,0.839840026149939,53.40752867148794,0.8424574915925008,0.9042974611410389,False,1,True,False
2,20.040470925465375,0.831700880653201,2000.4829738039136,False,9,330,3,1,0,False,-1,4.880978591312592,88.96562762955962,2,False,0.4472509476149275,0.8223974447489963,30.77442005108298,0.3215411893514621,0.6043914671954681,15.8707550863369,0.5811997593614474,0.5122524294421295,False,0,True,False
3,162.79773853887076,0.6037546393574957,1501.9449741261008,True,5,210,0,1,0,True,1,1.8180266445227948,6.196541102325705,0,False,0.6046085295216771,0.20426759631302635,198.34079971774455,0.3701430758749311,0.8054076166898969,175.17589276032012,0.467512646731739,0.3900251366852886,True,2,True,True
4,120.17649718720273,0.3956896317505976,1036.2003351800497,False,5,210,0,2,3,True,1,24.55960251795883,24.34630457199289,2,False,0.26657857451409517,0.5498451125841515,57.818609565985945,0.5208526662291854,0.8860036855038944,14.48046314587757,0.7528206092430972,0.6783396546842058,True,1,True,False
